{"id":"2fe22966-6f7c-42b1-9a0b-6968bafe7aea","timestamp":1748026121645,"matcher":{"static":{},"wildcard":{},"dynamic":{}},"prerendered":["/pipelineCleaning-royalIntegrity","/contactanos","/preservationProgram-royalIntegrity","/trapsStations-royalIntegrity","/es/contactanos","/es/trapsStations-royalIntegrity","/es/preservationProgram-royalIntegrity","/en/royalIntegrity-pipelineCleaning","/es/pipelineCleaning-royalIntegrity","/en/contact-us","/en/royalIntegrity-preservationProgram","/en/royalIntegrity-trapsStations","/en/about-us","/acerca-de-nosotros","/es/acerca-de-nosotros","/","/en","/es"]}