{"id":"67c7101a-759b-4137-a01d-0d331140616c","timestamp":1747752018979,"matcher":{"static":{},"wildcard":{},"dynamic":{}},"prerendered":["/contactanos","/preservationProgram-royalIntegrity","/pipelineCleaning-royalIntegrity","/trapsStations-royalIntegrity","/en/contact-us","/en/royalIntegrity-pipelineCleaning","/en/royalIntegrity-preservationProgram","/es/pipelineCleaning-royalIntegrity","/es/preservationProgram-royalIntegrity","/es/contactanos","/es/trapsStations-royalIntegrity","/en/royalIntegrity-trapsStations","/es/acerca-de-nosotros","/acerca-de-nosotros","/en/about-us","/en","/es","/"]}