{"id":"7c292676-af5b-4a4d-ab2b-3eca913c4299","timestamp":1747708120238,"matcher":{"static":{},"wildcard":{},"dynamic":{}},"prerendered":["/preservationProgram-royalIntegrity","/pipelineCleaning-royalIntegrity","/contactanos","/trapsStations-royalIntegrity","/en/royalIntegrity-preservationProgram","/es/preservationProgram-royalIntegrity","/en/royalIntegrity-trapsStations","/en/royalIntegrity-pipelineCleaning","/en/contact-us","/es/trapsStations-royalIntegrity","/es/contactanos","/es/pipelineCleaning-royalIntegrity","/acerca-de-nosotros","/en/about-us","/es/acerca-de-nosotros","/","/es","/en"]}